"DETAILED_FUTURE_REGEN","First Name","Common Name","Last Name","Birth date","Nation","Favourite Team","Ethnicity","Skin Tone","Hair Colour","Height(in cm)","Weight(in kg)","Preferred Foot","Preferred Position","Favourite Number","Birth City","CA","PA","Club ID"
"DETAILED_FUTURE_REGEN","Zhenghang","Xu Zhenghang","Xu","30/04/2004","110","","10","8","5","174","71","2","MIDFIELDER_CENTRAL","","5620172","96","-7","83111757"
"DETAILED_FUTURE_REGEN","Ziqi","Wang Ziqi","Yang","01/01/2005","110","","10","5","5","179","71","3","ATTACKER_CENTRAL","","5636584","96","-7","5743879"
"DETAILED_FUTURE_REGEN","Xinhao","Luo Xinhao","Luo","02/01/2005","110","","10","8","5","172","68","2","ATTACKER_CENTRAL","","128042","96","-7","2096"
"DETAILED_FUTURE_REGEN","Yuanhao","Xiao Yuanhao","Xiao","15/01/2005","110","","10","8","5","175","69","3","ATTACKER_CENTRAL","","128055","96","-7","814840"
"DETAILED_FUTURE_REGEN","Wensheng","Fan Wensheng","Fan","22/01/2005","110","","10","8","5","175","69","2","ATTACKING_MIDFIELDER_RIGHT_SIDE","","5620172","96","-7","83111757"
"DETAILED_FUTURE_REGEN","Yingdong","Hao Yingdong","Hao","03/03/2005","110","","10","8","5","184","73","4","DEFENDER_CENTRAL","","128057","96","-7","814840"
"DETAILED_FUTURE_REGEN","Yiming","Cao Yiming","Cao","20/04/2005","110","","10","8","5","185","78","3","DEFENDER_CENTRAL","","5620172","96","-7","83111757"
"DETAILED_FUTURE_REGEN","Wenhao","Zhou Wenhao","Zhou","21/06/2005","110","","10","7","5","184","76","2","DEFENDER_CENTRAL","","5620172","96","-7","83111757"
"DETAILED_FUTURE_REGEN","Zhipu","Zhang Zhipu","Zhang","01/09/2005","110","","10","8","5","184","76","3","DEFENDER_CENTRAL","","5620172","96","-7","83111757"
"DETAILED_FUTURE_REGEN","Zhong","Luo Zhong","Luo","22/09/2005","110","","10","9","5","176","71","2","ATTACKER_CENTRAL","","128055","96","-7","4212228"
"DETAILED_FUTURE_REGEN","Xianfei","Kong Xianfei","Kong","01/01/2006","110","","10","6","5","184","78","2","DEFENDER_CENTRAL","","103194","96","-7","109023"
"DETAILED_FUTURE_REGEN","Yalun","Luo Yalun","Luo","01/03/2006","110","","10","8","5","181","72","3","ATTACKING_MIDFIELDER_LEFT_SIDE","","131228","96","-7","6706380"
"DETAILED_FUTURE_REGEN","Yu","Mei Yu","Mei","09/03/2006","110","","10","6","3","189","83","2","GOALKEEPER","","128042","96","-7","1675"
"DETAILED_FUTURE_REGEN","Yutong","Zhang Yutong","Zhang","24/05/2006","110","","10","7","5","179","72","2","ATTACKING_MIDFIELDER_CENTRAL","","128048","96","-7","1955"
"DETAILED_FUTURE_REGEN","Yangyi","Li Yangyi","Li","29/12/2006","110","","10","8","5","178","72","3","ATTACKER_CENTRAL","","103194","96","-7","4212294"
"DETAILED_FUTURE_REGEN","Xinhang","Liu Xinhang","Liu","01/01/2007","110","","10","8","5","179","74","2","ATTACKER_CENTRAL","","1023882","96","-7","67016673"
"DETAILED_FUTURE_REGEN","Xirui","Lin Xirui","Lin","27/11/2007","110","","10","7","5","176","72","2","MIDFIELDER_CENTRAL","","128050","96","-7","212395"
"DETAILED_FUTURE_REGEN","Zhi","Lin Zhi","Lin","04/12/2007","110","","10","8","3","178","72","2","ATTACKING_MIDFIELDER_LEFT_SIDE","","128046","96","-7","4212228"
"DETAILED_FUTURE_REGEN","Yitao","Jiang Yitao","Jiang","01/01/2008","110","","10","8","5","176","70","2","MIDFIELDER_CENTRAL","","103194","96","-7","930"
"DETAILED_FUTURE_REGEN","Yixiang","Jiang Yixiang","Jiang","01/01/2008","110","","10","8","5","185","78","3","MIDFIELDER_CENTRAL","","128057","96","-7","1955"
"DETAILED_FUTURE_REGEN","Weixuan","Wang Weixuan","Wang","19/01/2008","110","","10","8","5","174","69","3","ATTACKING_MIDFIELDER_RIGHT_SIDE","","5632380","96","-7","4212780"
"DETAILED_FUTURE_REGEN","Zenon","","Zamenhof","25/01/2008","787","","0","9","2","185","78","2","GOALKEEPER","","129541","99","-9","1300885"
"DETAILED_FUTURE_REGEN","Yi","Xiao Yi","Xiao","26/01/2008","110","","10","8","5","180","73","3","ATTACKER_CENTRAL","","128055","96","-7","814593"
"DETAILED_FUTURE_REGEN","Xiwen","Hu Xiwen","Hu","24/03/2008","110","","10","8","5","178","72","2","ATTACKER_CENTRAL","","128055","96","-7","4212780"
"DETAILED_FUTURE_REGEN","Weizhao","Ding Weizhao","Ding","29/05/2008","110","","10","8","3","182","72","4","MIDFIELDER_CENTRAL","","5620166","96","-7","109017"
"DETAILED_FUTURE_REGEN","Zihao","Wen Zihao","Wen","09/06/2008","110","","10","8","5","176","69","3","ATTACKING_MIDFIELDER_CENTRAL","","1023812","96","-7","1682"
"DETAILED_FUTURE_REGEN","William","","Seel","01/07/2008","771","","10","6","5","185","78","3","MIDFIELDER_CENTRAL","","128046","97","-8","961"
"DETAILED_FUTURE_REGEN","Wim","","Huygens","06/11/2008","784","","3","13","5","178","68","2","ATTACKER_CENTRAL","","856153","99","-9","1014"
"DETAILED_FUTURE_REGEN","Yibo","Mao Yibo","Mao","01/01/2009","110","","10","6","5","182","74","3","ATTACKER_CENTRAL","","103194","96","-7","810128"
"DETAILED_FUTURE_REGEN","Yongbin","Mao Yongbin","Mao","08/01/2009","110","","10","6","5","187","81","3","GOALKEEPER","","5627782","96","-7","23292170"
"DETAILED_FUTURE_REGEN","Ziquan","Wang Ziquan","Wang","16/01/2009","110","","10","6","5","178","69","3","MIDFIELDER_CENTRAL","","103194","97","-8","1456"
"DETAILED_FUTURE_REGEN","Xiuhao","Wang Xiuhao","Wang","17/01/2009","110","","10","6","5","172","64","3","ATTACKING_MIDFIELDER_CENTRAL","","5620166","96","-7","4212395"
"DETAILED_FUTURE_REGEN","Zisi","Wang Zisi","Wang","21/01/2009","110","","10","8","5","187","78","2","DEFENDER_CENTRAL","","128046","96","-7","67035574"
"DETAILED_FUTURE_REGEN","Xianghong","Zhong Xianghong","Zhong","22/01/2009","110","","10","7","5","171","67","2","ATTACKING_MIDFIELDER_RIGHT_SIDE","","128055","96","-7","4212780"
"DETAILED_FUTURE_REGEN","Zhaolei","Kuang Zhaolei","Kuang","03/03/2009","110","","10","6","5","176","72","3","ATTACKER_CENTRAL","","128055","96","-7","4203009"
"DETAILED_FUTURE_REGEN","Zixuan","Wei Zixuan","Wei","14/03/2009","110","","10","6","5","184","78","3","DEFENDER_CENTRAL","","128050","96","-7","412"
"DETAILED_FUTURE_REGEN","Youzhe","Dai Youzhe","Dai","01/07/2009","110","","10","6","5","174","68","3","DEFENDER_RIGHT_SIDE","","5620166","96","-7","4212118"
"DETAILED_FUTURE_REGEN","Yanxu","Ding Yanxu","Ding","17/07/2009","110","","10","8","5","183","74","3","DEFENDER_CENTRAL","","5620166","96","-7","109017"
"DETAILED_FUTURE_REGEN","Yirui","Cai Yirui","Cai","17/07/2009","110","","10","8","3","180","72","3","ATTACKER_CENTRAL","","128055","96","-7","4212118"
"DETAILED_FUTURE_REGEN","Zijie","Huang Zijie","Huang","27/07/2009","110","","10","6","5","176","69","3","DEFENDER_LEFT_SIDE","","5026127","96","-7","67035574"
"DETAILED_FUTURE_REGEN","Yicheng","Yao Yicheng","Yao","04/09/2009","110","","10","7","5","179","74","2","ATTACKER_CENTRAL","","128055","96","-7","814086"
"DETAILED_FUTURE_REGEN","Yutong","Tao Yutong","Tao","01/01/2010","110","","10","6","5","174","65","2","MIDFIELDER_CENTRAL","","103194","96","-7","4212780"
"DETAILED_FUTURE_REGEN","Xavier","Xavi","Hernández Creus","25/01/2010","796","","1","2","5","170","68","2","MIDFIELDER_CENTRAL","","109057","104","186","1708"
"DETAILED_FUTURE_REGEN","Yong","Sui Yong","Sui","27/01/2010","110","","10","6","5","177","69","3","ATTACKER_CENTRAL","","128050","100","147","412"
"DETAILED_FUTURE_REGEN","Yasuhito","","Endo","28/01/2010","116","","10","8","5","178","75","2","MIDFIELDER_CENTRAL","","789285","102","161","107296"
"DETAILED_FUTURE_REGEN","Youssouf","","Hadji","25/02/2010","34","","2","11","3","183","78","2","ATTACKING_MIDFIELDER_LEFT_SIDE","","Ifrane","102","167","827"
"DETAILED_FUTURE_REGEN","Walter","","Zenga","28/04/2010","776","","1","2","3","188","83","2","GOALKEEPER","","509","103","178","1135"
"DETAILED_FUTURE_REGEN","Zat","","Knight","01/05/2010","765","","3","15","5","198","94","2","DEFENDER_CENTRAL","","Solihull","102","165","654"
"DETAILED_FUTURE_REGEN","Yossi","","Benayoun","04/05/2010","775","","2","5","5","175","67","4","ATTACKING_MIDFIELDER_CENTRAL","","7861950","102","164","1093"
"DETAILED_FUTURE_REGEN","Zdenek","","Grygera","13/05/2010","763","","0","2","5","185","78","2","DEFENDER_RIGHT_SIDE","","Holesov","102","164","467"
"DETAILED_FUTURE_REGEN","Walter","","Erviti","12/06/2010","1649","","1","5","2","172","68","3","MIDFIELDER_CENTRAL","","102431","102","167","96"
"DETAILED_FUTURE_REGEN","Zhijun","Hu Zhijun","Hu","24/07/2010","110","","10","7","5","174","69","2","ATTACKER_CENTRAL","","128055","101","154","409"
"DETAILED_FUTURE_REGEN","Wayne","","Bridge","04/08/2010","765","","0","7","3","180","81","3","DEFENDER_LEFT_SIDE","","Southampton","102","169","713"
"DETAILED_FUTURE_REGEN","Weiguo","Peng Weiguo","Peng","10/08/2010","110","","10","7","5","172","68","2","ATTACKING_MIDFIELDER_CENTRAL","","128055","101","157","409"
"DETAILED_FUTURE_REGEN","Zhi","Zheng Zhi","Zheng","20/08/2010","110","","10","7","5","180","75","2","MIDFIELDER_CENTRAL","","128044","102","163","2000337864"
"DETAILED_FUTURE_REGEN","Ying-jeou","Ma Ying-jeou","Ma","13/10/2010","138","","10","7","5","179","72","2","ATTACKER_CENTRAL","","103195","102","160","2000094692"
"DETAILED_FUTURE_REGEN","Winston","","Bogarde","22/10/2010","784","","3","16","5","188","83","3","DEFENDER_CENTRAL","","742","102","168","1004"
"DETAILED_FUTURE_REGEN","Yijun","Mao Yijun","Mao","18/12/2010","110","","10","8","5","186","78","2","DEFENDER_CENTRAL","","128046","101","152","414"
"DETAILED_FUTURE_REGEN","Yiwei","Qiu Yiwei","Qiu","01/01/2011","110","","10","8","5","180","69","4","MIDFIELDER_CENTRAL","","131146","96","-7","67023712"
"DETAILED_FUTURE_REGEN","Zhiyi","Zheng Zhiyi","Zheng","01/01/2011","110","","10","8","5","173","67","2","ATTACKING_MIDFIELDER_LEFT_SIDE","","103194","96","-7","4212395"
"DETAILED_FUTURE_REGEN","Zlatko","","Zahovič","01/02/2011","795","","0","6","5","180","76","2","ATTACKING_MIDFIELDER_CENTRAL","","1301184","103","178","1629"
"DETAILED_FUTURE_REGEN","Zhaojun","Hu Zhaojun","Hu","01/03/2011","110","","10","8","5","182","75","4","MIDFIELDER_CENTRAL","","128057","100","148","2000337865"
"DETAILED_FUTURE_REGEN","Yaokun","Zhang Yaokun","Zhang","07/04/2011","110","","10","9","3","181","78","3","DEFENDER_CENTRAL","","128057","100","148","2000337865"
"DETAILED_FUTURE_REGEN","Yalin","Zhang Yalin","Zhang","19/04/2011","110","","10","7","3","186","75","3","DEFENDER_CENTRAL","","128057","100","146","2000337865"
"DETAILED_FUTURE_REGEN","Xinxin","Wang Xinxin","Wang","27/04/2011","110","","10","6","5","182","74","4","ATTACKER_CENTRAL","","128044","101","151","2000337864"
"DETAILED_FUTURE_REGEN","Walter","","Silvani","11/05/2011","1649","","1","5","5","185","77","2","ATTACKER_CENTRAL","","108499","102","169","94"
"DETAILED_FUTURE_REGEN","Zoubaier","","Baya","15/05/2011","51","","2","8","5","174","68","3","ATTACKING_MIDFIELDER_CENTRAL","","M'saken","102","167","106858"
"DETAILED_FUTURE_REGEN","Vujadin","","Boškov","16/05/2011","802","","0","2","2","170","70","4","ATTACKING_MIDFIELDER_RIGHT_SIDE","","Begec","103","171","1957"
"DETAILED_FUTURE_REGEN","Walter","","Meeuws","11/07/2011","757","","0","4","3","185","78","2","DEFENDER_CENTRAL","","8","103","172","260"
"DETAILED_FUTURE_REGEN","Yi","Chen Yi","Chen","26/08/2011","110","","10","7","5","177","73","2","ATTACKER_CENTRAL","","1023894","102","167","23447397"
"DETAILED_FUTURE_REGEN","Willy","","van de Kerkhof","16/09/2011","784","","0","11","2","182","78","4","MIDFIELDER_CENTRAL","","760","103","172","1009"
"DETAILED_FUTURE_REGEN","Willy","","Caballero","27/09/2011","1649","","1","9","3","185","83","2","GOALKEEPER","","14006926","102","167","82"
"DETAILED_FUTURE_REGEN","Zlatan","","Ibrahimović","03/10/2011","759","","0","6","5","195","95","4","ATTACKER_CENTRAL","","424","104","186","1816"
"DETAILED_FUTURE_REGEN","Zurab","","Khizanishvili","05/10/2011","770","","4","4","3","186","80","2","DEFENDER_CENTRAL","","Tbilisi","102","164","892"
"DETAILED_FUTURE_REGEN","Volkan","","Demirel","26/10/2011","799","","2","7","5","191","90","2","GOALKEEPER","","1301222","102","165","130359"
"DETAILED_FUTURE_REGEN","Xabier","Xabi Alonso","Alonso","25/11/2011","796","","0","5","2","183","77","4","MIDFIELDER_CENTRAL","","4212175","104","183","1742"
"DETAILED_FUTURE_REGEN","Yiyang","Yao Yiyang","Yao","12/12/2011","110","","10","7","5","178","73","2","ATTACKING_MIDFIELDER_CENTRAL","","128046","96","-7","814086"
"DETAILED_FUTURE_REGEN","Zichen","Rao Zichen","Rao","01/01/2012","110","","10","8","5","176","67","3","DEFENDER_LEFT_SIDE","","5627734","96","-7","67196154"
"DETAILED_FUTURE_REGEN","Zimo","Lu Zimo","Lu","01/01/2012","110","","10","6","5","182","74","3","ATTACKER_CENTRAL","","103194","96","-7","814086"
"DETAILED_FUTURE_REGEN","Yong-Gi","Ryang Yong-Gi","Ryang","07/01/2012","129","","10","6","5","172","69","2","MIDFIELDER_CENTRAL","","788890","101","157","107283"
"DETAILED_FUTURE_REGEN","Xiang","Sun Xiang","Sun","15/01/2012","110","","10","8","5","180","75","3","DEFENDER_LEFT_SIDE","","128046","101","154","414"
"DETAILED_FUTURE_REGEN","Yaodong","Tang Yaodong","Tang","08/02/2012","110","","10","8","5","174","70","2","ATTACKER_CENTRAL","","128044","101","153","2000337864"
"DETAILED_FUTURE_REGEN","Wei","Du Wei","Du","09/02/2012","110","","10","8","5","187","78","4","DEFENDER_CENTRAL","","5620172","101","154","414"
"DETAILED_FUTURE_REGEN","Yasuhiko","","Okudera","12/03/2012","116","","10","9","5","177","75","2","MIDFIELDER_CENTRAL","","Kazuno","102","168","1187"
"DETAILED_FUTURE_REGEN","Willington","","Ortíz","26/03/2012","1653","","3","15","5","169","68","2","ATTACKING_MIDFIELDER_RIGHT_SIDE","","8825884","103","173","309"
"DETAILED_FUTURE_REGEN","Zeyang","Dai Zeyang","Dai","15/04/2012","110","","10","7","5","184","76","2","DEFENDER_CENTRAL","","128046","96","-7","67035574"
"DETAILED_FUTURE_REGEN","Yoshikazu","","Nagai","16/04/2012","116","","10","10","5","169","68","3","ATTACKER_CENTRAL","","789624","101","159","1198"
"DETAILED_FUTURE_REGEN","Zdeněk","","Nehoda","09/05/2012","763","","0","5","2","181","78","2","ATTACKING_MIDFIELDER_RIGHT_SIDE","","136076","103","175","5640780"
"DETAILED_FUTURE_REGEN","Yong-Jo","Hong Yong-Jo","Hong","22/05/2012","129","","10","6","5","174","72","2","ATTACKER_CENTRAL","","103205","101","154","5621797"
"DETAILED_FUTURE_REGEN","Zvjezdan","","Misimović","05/06/2012","802","","0","5","3","180","79","4","ATTACKING_MIDFIELDER_CENTRAL","","München","102","165","915"
"DETAILED_FUTURE_REGEN","Zinedine","","Zidane","23/06/2012","5","","2","7","3","185","78","2","ATTACKING_MIDFIELDER_CENTRAL","","207","108","199","825"
"DETAILED_FUTURE_REGEN","Wael","","Reyad","02/08/2012","16","","2","9","3","168","65","2","ATTACKING_MIDFIELDER_RIGHT_SIDE","","103015","102","168","106756"
"DETAILED_FUTURE_REGEN","Youssouf","","Hersi","20/08/2012","784","","9","13","3","180","76","2","ATTACKING_MIDFIELDER_RIGHT_SIDE","","5390177","102","164","992"
"DETAILED_FUTURE_REGEN","Zhaohui","Yang Zhaohui","Yang","14/09/2012","110","","10","8","5","178","72","3","MIDFIELDER_CENTRAL","","103194","101","153","406"
"DETAILED_FUTURE_REGEN","Weichang","Qian Weichang","Qian","09/10/2012","110","","10","6","5","167","68","3","ATTACKING_MIDFIELDER_LEFT_SIDE","","5620150","101","158","2000082648"
"DETAILED_FUTURE_REGEN","Yakubu","Yakubu","Aiyegbeni","22/11/2012","38","","3","17","5","183","83","4","ATTACKER_CENTRAL","","105356","102","164","1093"
"DETAILED_FUTURE_REGEN","Zhongxun","Gao Zhongxun","Gao","11/12/2012","110","","10","8","5","176","74","2","MIDFIELDER_CENTRAL","","5635790","101","155","23492352"
"DETAILED_FUTURE_REGEN","Wynton","","Rufer","29/12/2012","1438","","9","7","3","181","80","2","ATTACKER_CENTRAL","","103176","102","166","432295"
"DETAILED_FUTURE_REGEN","Yangchen","Jing Yangchen","Jing","01/01/2013","110","","10","7","5","179","72","2","ATTACKER_CENTRAL","","103194","97","-7","4212294"
"DETAILED_FUTURE_REGEN","Yubin","Fu Yubin","Fu","01/01/2013","110","","10","8","3","178","69","3","GOALKEEPER","","128044","101","157","2000337864"
"DETAILED_FUTURE_REGEN","Yaya","","Sanogo","27/01/2013","769","","3","17","5","194","75","2","ATTACKER_CENTRAL","","8428186","102","164","824"
"DETAILED_FUTURE_REGEN","Xiuquan","Jia Xiuquan","Jia","23/03/2013","110","","10","8","5","186","75","2","DEFENDER_CENTRAL","","128057","102","160","2000337864"
"DETAILED_FUTURE_REGEN","Weisi","Nian Weisi","Nian","11/05/2013","110","","10","8","5","176","71","3","ATTACKER_CENTRAL","","103194","101","156","406"
"DETAILED_FUTURE_REGEN","Xirong","Chen Xirong","Chen","12/05/2013","110","","10","7","5","173","68","2","MIDFIELDER_CENTRAL","","128055","101","152","409"
"DETAILED_FUTURE_REGEN","Yaya","","Touré","13/05/2013","24","","3","17","5","191","90","2","MIDFIELDER_CENTRAL","","5390183","103","178","3506513"
"DETAILED_FUTURE_REGEN","Yunfeng","Hu Yunfeng","Hu","05/06/2013","110","","10","8","5","177","72","2","ATTACKER_CENTRAL","","128046","101","152","2000337864"
"DETAILED_FUTURE_REGEN","Yi","Zhuang Yi","Zhuang","11/07/2013","110","","10","8","5","177","73","2","ATTACKER_CENTRAL","","128044","101","151","2000337864"
"DETAILED_FUTURE_REGEN","Young-Moo","Lee Young-Moo","Lee","26/07/2013","135","","10","11","5","165","62","2","MIDFIELDER_CENTRAL","","5707546","101","159","136431"
"DETAILED_FUTURE_REGEN","Yury","","Zhirkov","20/08/2013","791","","0","7","3","180","76","3","DEFENDER_LEFT_SIDE","","477404","102","165","477403"
"DETAILED_FUTURE_REGEN","Weiliang","Yu Weiliang","Yu","17/09/2013","110","","10","8","5","187","83","3","GOALKEEPER","","128046","101","153","414"
"DETAILED_FUTURE_REGEN","Wolfgang","","Overath","29/09/2013","771","","1","6","2","176","72","4","MIDFIELDER_CENTRAL","","Düsseldorf","103","177","916"
"DETAILED_FUTURE_REGEN","Xavier","Chen Tsan-yuan","Chen","05/10/2013","138","","10","7","3","174","69","2","DEFENDER_RIGHT_SIDE","","14","102","164","231"
"DETAILED_FUTURE_REGEN","Zlatko","","Čajkovski","24/11/2013","761","","0","6","3","178","76","2","MIDFIELDER_CENTRAL","","1300221","103","174","432"
"DETAILED_FUTURE_REGEN","Zedong","Mao Zedong","Mao","26/12/2013","110","","10","8","5","180","78","4","GOALKEEPER","","5625580","102","169","23025595"
"DETAILED_FUTURE_REGEN","Zhiyang","Jin Zhiyang","Jin","10/01/2014","110","","10","8","5","172","68","2","MIDFIELDER_CENTRAL","","103194","101","153","406"
"DETAILED_FUTURE_REGEN","Yijun","Guo Yijun","Guo","15/01/2014","110","","10","7","5","179","71","2","ATTACKING_MIDFIELDER_CENTRAL","","128055","101","153","409"
"DETAILED_FUTURE_REGEN","Wes","","Morgan","21/01/2014","377","","3","14","3","186","83","2","DEFENDER_CENTRAL","","Nottingham","102","164","692"
"DETAILED_FUTURE_REGEN","Xia","Yao Xia","Yao","28/01/2014","110","","10","8","5","172","69","3","ATTACKING_MIDFIELDER_RIGHT_SIDE","","128059","101","154","23447397"
"DETAILED_FUTURE_REGEN","Willem","","van Hanegem","20/02/2014","784","","0","5","2","182","76","2","MIDFIELDER_CENTRAL","","Breskens","103","176","1013"
"DETAILED_FUTURE_REGEN","Yuankui","Li Yuankui","Li","15/03/2014","110","","10","8","5","184","76","3","DEFENDER_CENTRAL","","103194","101","155","416"
"DETAILED_FUTURE_REGEN","Wusheng","Qi Wusheng","Qi","20/05/2014","110","","10","8","3","176","69","3","MIDFIELDER_CENTRAL","","131214","101","154","2000337864"
"DETAILED_FUTURE_REGEN","Władysław","","Żmuda","06/06/2014","787","","0","4","5","187","82","2","DEFENDER_CENTRAL","","710062","103","175","1469"
"DETAILED_FUTURE_REGEN","Yang","Xu Yang","Xu","06/06/2014","110","","10","8","5","183","76","2","MIDFIELDER_CENTRAL","","128044","101","152","406"
"DETAILED_FUTURE_REGEN","Wesley","","Sneijder","09/06/2014","784","","0","2","2","170","67","4","MIDFIELDER_CENTRAL","","740","104","188","992"
"DETAILED_FUTURE_REGEN","Walter","","Gargano","23/07/2014","1657","","1","9","3","168","65","2","MIDFIELDER_CENTRAL","","Paysandú","102","164","1918"
"DETAILED_FUTURE_REGEN","Wilson","","Palacios","29/07/2014","376","","3","15","5","178","75","4","MIDFIELDER_CENTRAL","","7720004","102","165","102369"
"DETAILED_FUTURE_REGEN","Young-Jeung","Cho Young-Jeung","Cho","18/08/2014","135","","10","9","5","172","69","2","DEFENDER_CENTRAL","","66026708","101","158","5704197"
"DETAILED_FUTURE_REGEN","Xiaoping","Deng Xiaoping","Deng","22/08/2014","110","","10","8","5","158","56","2","ATTACKING_MIDFIELDER_LEFT_SIDE","","1023892","102","167","23447397"
"DETAILED_FUTURE_REGEN","Zilin","Wang Zilin","Wang","03/09/2014","110","","10","6","5","172","64","3","MIDFIELDER_CENTRAL","","103194","97","-8","1456"
"DETAILED_FUTURE_REGEN","William","","Viali","16/11/2014","776","","2","5","3","185","78","2","DEFENDER_CENTRAL","","7985265","102","164","1106"
"DETAILED_FUTURE_REGEN","Wangsong","Tan Wangsong","Tan","19/12/2014","110","","10","8","5","180","68","3","DEFENDER_RIGHT_SIDE","","128041","100","147","23447397"
"DETAILED_FUTURE_REGEN","Wayne","","Routledge","07/01/2015","765","","9","12","3","170","76","2","ATTACKING_MIDFIELDER_RIGHT_SIDE","","Sidcup","102","162","642"
"DETAILED_FUTURE_REGEN","Wim","","Suurbier","16/01/2015","784","","0","5","3","178","73","3","DEFENDER_RIGHT_SIDE","","726","103","172","992"
"DETAILED_FUTURE_REGEN","Zhen","Guan Zhen","Guan","06/02/2015","110","","10","8","5","186","78","4","GOALKEEPER","","128039","100","149","416"
"DETAILED_FUTURE_REGEN","Xiaobin","Zhang Xiaobin","Zhang","14/02/2015","110","","10","8","5","177","70","4","MIDFIELDER_CENTRAL","","5628894","100","148","406"
"DETAILED_FUTURE_REGEN","Wilfried","","van Moer","01/03/2015","757","","0","4","2","178","73","3","MIDFIELDER_CENTRAL","","Beveren","103","171","298"
"DETAILED_FUTURE_REGEN","Zbigniew","","Boniek","03/03/2015","787","","0","6","2","181","77","2","ATTACKING_MIDFIELDER_CENTRAL","","129535","103","176","1468"
"DETAILED_FUTURE_REGEN","Willie","","Miller","02/05/2015","793","","0","6","3","179","74","2","DEFENDER_CENTRAL","","102580","102","167","1588"
"DETAILED_FUTURE_REGEN","Xiaopeng","Li Xiaopeng","Li","20/06/2015","110","","10","6","5","182","76","2","ATTACKING_MIDFIELDER_RIGHT_SIDE","","128050","101","153","116403"
"DETAILED_FUTURE_REGEN","Wai Tong","Lee Wai Tong","Lee","18/09/2015","111","","10","7","5","182","73","2","ATTACKER_CENTRAL","","103195","102","169","102863"
"DETAILED_FUTURE_REGEN","Xiaoting","Feng Xiaoting","Feng","22/10/2015","110","","10","8","5","188","77","3","DEFENDER_CENTRAL","","128057","101","152","2000337865"
"DETAILED_FUTURE_REGEN","Wayne","","Rooney","24/10/2015","765","","0","2","2","178","78","4","ATTACKER_CENTRAL","","100047","104","185","650"
"DETAILED_FUTURE_REGEN","Željko","","Petrović","13/11/2015","62002127","","0","5","5","175","70","2","ATTACKING_MIDFIELDER_RIGHT_SIDE","","131115","103","170","1102443"
"DETAILED_FUTURE_REGEN","Xuri","Zhao Xuri","Zhao","03/12/2015","110","","10","8","5","185","76","3","MIDFIELDER_CENTRAL","","128057","101","152","2000337865"
"DETAILED_FUTURE_REGEN","Zhezhen","Ou Zhezhen","Ou","01/01/2016","110","","10","6","5","165","62","2","ATTACKING_MIDFIELDER_CENTRAL","","123882","97","-8","814086"
"DETAILED_FUTURE_REGEN","Yohan","","Cabaye","14/01/2016","769","","0","6","2","173","72","2","MIDFIELDER_CENTRAL","","311","102","164","858"
"DETAILED_FUTURE_REGEN","Younes","","Kaboul","24/01/2016","769","","2","14","5","193","87","2","DEFENDER_CENTRAL","","34016705","102","162","824"
"DETAILED_FUTURE_REGEN","Xiaorui","Zhang Xiaorui","Zhang","05/03/2016","110","","10","8","5","177","76","2","ATTACKING_MIDFIELDER_CENTRAL","","128039","101","154","416"
"DETAILED_FUTURE_REGEN","Walter","","Pandiani","27/04/2016","1657","","1","7","5","184","75","4","ATTACKER_CENTRAL","","102998","102","164","1923"
"DETAILED_FUTURE_REGEN","Yegor","","Titov","29/05/2016","791","","0","4","3","186","79","4","ATTACKING_MIDFIELDER_CENTRAL","","1301073","102","169","1529"
"DETAILED_FUTURE_REGEN","Yoann","","Gourcuff","11/07/2016","769","","0","6","3","185","82","2","ATTACKING_MIDFIELDER_CENTRAL","","85004226","103","172","884"
"DETAILED_FUTURE_REGEN","Yuto","","Nagatomo","12/09/2016","116","","10","8","5","170","68","4","DEFENDER_LEFT_SIDE","","789029","101","158","107313"
"DETAILED_FUTURE_REGEN","Wim","","Jonk","12/10/2016","784","","0","6","2","183","77","2","MIDFIELDER_CENTRAL","","37081954","102","168","1011"
"DETAILED_FUTURE_REGEN","Wim","","Jansen","28/10/2016","784","","0","3","2","167","59","2","MIDFIELDER_CENTRAL","","742","103","177","1013"
"DETAILED_FUTURE_REGEN","Zhanbo","Xiao Zhanbo","Xiao","26/11/2016","110","","10","7","5","180","75","3","MIDFIELDER_CENTRAL","","128044","101","152","2000337864"
"DETAILED_FUTURE_REGEN","Yongpo","Wang Yongpo","Wang","19/01/2017","110","","10","6","5","178","71","2","ATTACKING_MIDFIELDER_LEFT_SIDE","","128050","100","148","116403"
"DETAILED_FUTURE_REGEN","Youssouf","","Mulumbu","26/01/2017","53","","3","17","3","178","76","2","MIDFIELDER_CENTRAL","","Kinshasa","102","163","868"
"DETAILED_FUTURE_REGEN","Walter","","Schachner","01/02/2017","755","","0","5","2","172","69","2","ATTACKING_MIDFIELDER_RIGHT_SIDE","","136537","102","165","16075755"
"DETAILED_FUTURE_REGEN","Youssef","","El Arabi","04/02/2017","34","","2","11","3","183","75","2","ATTACKER_CENTRAL","","Hérouville-Saint-Clair","102","161","2073"
"DETAILED_FUTURE_REGEN","Yksel","","Osmanovski","23/02/2017","797","","1","1","3","174","68","2","ATTACKING_MIDFIELDER_LEFT_SIDE","","Malmö","102","165","1816"
"DETAILED_FUTURE_REGEN","Włodzimierz","","Lubański","28/02/2017","787","","0","5","2","178","72","2","ATTACKER_CENTRAL","","Gliwice-Sośnica","103","172","1452"
"DETAILED_FUTURE_REGEN","Walter","","Gaitán","13/03/2017","1649","","1","5","5","180","72","2","ATTACKING_MIDFIELDER_LEFT_SIDE","","955713","102","167","95"
"DETAILED_FUTURE_REGEN","Willy","","Sagnol","19/03/2017","769","","0","6","3","182","78","2","DEFENDER_RIGHT_SIDE","","168","103","173","828"
"DETAILED_FUTURE_REGEN","Young-Pyo","Lee Young-Pyo","Lee","23/04/2017","135","","10","8","5","176","66","4","DEFENDER_LEFT_SIDE","","66002850","102","160","130777"
"DETAILED_FUTURE_REGEN","Zoran","","Tošić","29/04/2017","802","","0","4","5","171","68","3","ATTACKING_MIDFIELDER_RIGHT_SIDE","","Zrenjanin","102","167","1301377"
"DETAILED_FUTURE_REGEN","Yuning","Zhang Yuning","Yuning","05/05/2017","110","","10","8","5","186","86","2","ATTACKER_CENTRAL","","128044","101","156","2000337864"
"DETAILED_FUTURE_REGEN","William","William Sun","Hidalgo","12/05/2017","110","","7","8","2","176","69","2","ATTACKING_MIDFIELDER_CENTRAL","","Heredia","102","162","116164"
"DETAILED_FUTURE_REGEN","Xiangfu","Shen Xiangfu","Shen","27/05/2017","110","","10","8","5","178","70","3","ATTACKING_MIDFIELDER_CENTRAL","","128039","101","154","416"
"DETAILED_FUTURE_REGEN","Yong","Huang Yong","Huang","27/05/2017","110","","10","8","3","172","65","2","ATTACKING_MIDFIELDER_CENTRAL","","131134","101","152","2000337864"
"DETAILED_FUTURE_REGEN","Yaodong","Cheng Yaodong","Cheng","06/06/2017","110","","10","8","5","174","75","3","DEFENDER_CENTRAL","","128046","101","153","414"
"DETAILED_FUTURE_REGEN","Włodzimierz","","Smolarek","16/07/2017","787","","0","4","3","171","70","3","ATTACKING_MIDFIELDER_LEFT_SIDE","","1300856","102","169","1010"
"DETAILED_FUTURE_REGEN","Vratislav","","Gresko","23/07/2017","794","","0","4","3","183","73","3","DEFENDER_LEFT_SIDE","","Bratislava","102","161","1615"
"DETAILED_FUTURE_REGEN","William","","Gallas","17/08/2017","769","","3","17","3","183","82","2","DEFENDER_CENTRAL","","8426361","103","171","866"
"DETAILED_FUTURE_REGEN","Xuepeng","Li Xuepeng","Li","18/09/2017","110","","10","8","3","184","64","3","DEFENDER_LEFT_SIDE","","128057","100","147","2000337865"
"DETAILED_FUTURE_REGEN","Zdravko","","Kuzmanović","22/09/2017","798","","0","2","3","186","72","2","MIDFIELDER_CENTRAL","","514175","102","165","1847"
"DETAILED_FUTURE_REGEN","Zvonimir","","Soldo","02/11/2017","761","","0","5","3","189","85","2","MIDFIELDER_CENTRAL","","1300221","102","169","432"
"DETAILED_FUTURE_REGEN","Yao","Li Yao","Li","20/11/2017","110","","10","6","5","179","74","3","ATTACKING_MIDFIELDER_RIGHT_SIDE","","128044","101","152","2000337864"
"DETAILED_FUTURE_REGEN","Xu","Yang Xu","Yang","12/02/2018","110","","10","7","5","188","75","2","ATTACKER_CENTRAL","","128057","100","149","2000337864"
"DETAILED_FUTURE_REGEN","Youri","","Djorkaeff","09/03/2018","769","","2","10","5","178","73","4","ATTACKING_MIDFIELDER_CENTRAL","","267","103","176","865"
"DETAILED_FUTURE_REGEN","Wei","Tao Wei","Tao","11/03/2018","110","","10","7","5","176","72","2","MIDFIELDER_CENTRAL","","103194","101","152","406"
"DETAILED_FUTURE_REGEN","Zhizhao","Chen Zhizhao","Chen","14/03/2018","110","","10","8","5","170","63","4","ATTACKING_MIDFIELDER_LEFT_SIDE","","128055","100","148","2000328121"
"DETAILED_FUTURE_REGEN","Walter","","Samuel","22/03/2018","1649","","1","5","3","183","83","3","DEFENDER_CENTRAL","","14009612","103","176","82"
"DETAILED_FUTURE_REGEN","Xiangdong","Huang Xiangdong","Huang","22/03/2018","110","","10","8","5","178","72","3","MIDFIELDER_CENTRAL","","128057","101","159","2000337865"
"DETAILED_FUTURE_REGEN","Woon-Ki","Choo Woon-Ki","Choo","03/04/2018","135","","10","8","5","173","68","3","ATTACKING_MIDFIELDER_LEFT_SIDE","","Seoul","101","154","5700902"
"DETAILED_FUTURE_REGEN","Walter","","Tull","28/04/2018","765","","9","10","2","184","79","3","DEFENDER_CENTRAL","","Folkestone","103","170","728"
"DETAILED_FUTURE_REGEN","Wilfred","","Bouma","15/06/2018","784","","9","14","3","179","83","3","DEFENDER_LEFT_SIDE","","760","102","168","1028"
"DETAILED_FUTURE_REGEN","Yao","Gao Yao","Gao","13/07/2018","110","","10","9","5","185","82","3","MIDFIELDER_CENTRAL","","128050","100","145","116403"
"DETAILED_FUTURE_REGEN","Zhixing","Rong Zhixing","Rong","30/07/2018","110","","10","8","5","171","65","2","ATTACKER_CENTRAL","","128055","102","162","409"
"DETAILED_FUTURE_REGEN","Wesley","","Sonck","09/08/2018","757","","0","2","3","174","75","4","ATTACKER_CENTRAL","","Ninove","102","162","258"
"DETAILED_FUTURE_REGEN","Willian","Willian","Borges da Silva","09/08/2018","1651","","3","18","5","175","78","2","ATTACKING_MIDFIELDER_RIGHT_SIDE","","8825075","102","164","319"
"DETAILED_FUTURE_REGEN","Xiandong","Cao Xiandong","Cao","19/08/2018","110","","10","8","5","176","70","2","ATTACKING_MIDFIELDER_CENTRAL","","103194","101","156","406"
"DETAILED_FUTURE_REGEN","Willi","","Schulz","04/10/2018","771","","0","4","2","185","80","3","DEFENDER_CENTRAL","","Wattenscheid","103","172","920"
"DETAILED_FUTURE_REGEN","Zvonimir","","Boban","08/10/2018","761","","1","6","2","183","79","4","ATTACKING_MIDFIELDER_CENTRAL","","654425","103","179","432"
"DETAILED_FUTURE_REGEN","Yuxin","Xie Yuxin","Xie","12/10/2018","110","","10","7","5","169","67","2","ATTACKER_CENTRAL","","1016777","101","155","409"
"DETAILED_FUTURE_REGEN","Zhuoxiang","Deng Zhuoxiang","Deng","24/10/2018","110","","10","6","5","181","70","3","ATTACKING_MIDFIELDER_CENTRAL","","128037","101","153","23487243"
"DETAILED_FUTURE_REGEN","Yong-Hak","An Yong-Hak","An","25/10/2018","129","","10","6","5","183","74","2","DEFENDER_CENTRAL","","789549","101","153","107280"
"DETAILED_FUTURE_REGEN","Weifeng","Li Weifeng","Li","01/12/2018","110","","10","8","5","182","75","2","DEFENDER_CENTRAL","","131134","101","156","131209"
"DETAILED_FUTURE_REGEN","Wilfried","","Bony","10/12/2018","24","","3","17","5","182","86","2","ATTACKER_CENTRAL","","12000143","102","168","8632447"
"DETAILED_FUTURE_REGEN","Yann","","Sommer","17/12/2018","798","","0","8","3","183","79","2","GOALKEEPER","","98003815","102","162","1849"
"DETAILED_FUTURE_REGEN","Yıldıray","","Baştürk","24/12/2018","799","","2","7","5","169","65","3","MIDFIELDER_CENTRAL","","Bochum","102","165","905"
"DETAILED_FUTURE_REGEN","Wagner Augusto","Ropesu Wagunā","Lopes","29/01/2019","116","","1","8","3","182","75","2","ATTACKER_CENTRAL","","107183","102","163","337"
"DETAILED_FUTURE_REGEN","Yong-Soo","Choi Yong-Soo","Choi","12/02/2019","135","","10","8","5","182","72","2","ATTACKER_CENTRAL","","134622","101","159","130777"
"DETAILED_FUTURE_REGEN","Yunlong","Xu Yunlong","Xu","17/02/2019","110","","10","8","5","181","74","2","DEFENDER_RIGHT_SIDE","","103194","101","154","406"
"DETAILED_FUTURE_REGEN","Xi","Wu Xi","Wu","19/02/2019","110","","10","8","5","180","71","3","MIDFIELDER_CENTRAL","","128035","101","152","414"
"DETAILED_FUTURE_REGEN","Vyacheslav","","Malafeev","04/03/2019","791","","0","1","2","185","76","2","GOALKEEPER","","St. Petersburg","102","162","1301108"
"DETAILED_FUTURE_REGEN","Walter","","Pico","13/03/2019","1649","","1","5","2","177","70","3","MIDFIELDER_CENTRAL","","102431","102","167","82"
"DETAILED_FUTURE_REGEN","Zoumana","","Camara","03/04/2019","769","","3","16","3","182","76","2","DEFENDER_CENTRAL","","3500462","102","161","828"
"DETAILED_FUTURE_REGEN","Yaki","","Yen","21/04/2019","138","","10","8","3","184","76","2","DEFENDER_CENTRAL","","1500994","101","150","1772"
"DETAILED_FUTURE_REGEN","Zoltán","","Gera","22/04/2019","773","","0","5","2","186","78","4","ATTACKING_MIDFIELDER_RIGHT_SIDE","","Pécs","102","164","1063"
"DETAILED_FUTURE_REGEN","Yunfei","Liu Yunfei","Liu","08/05/2019","110","","10","8","5","183","78","2","GOALKEEPER","","128039","101","154","416"
"DETAILED_FUTURE_REGEN","Yannick","","Bolasie","24/05/2019","53","","3","18","3","185","78","2","ATTACKING_MIDFIELDER_LEFT_SIDE","","Lyon","102","164","697"
"DETAILED_FUTURE_REGEN","Yi","Li Yi","Li","20/06/2019","110","","10","7","5","184","78","3","ATTACKER_CENTRAL","","5627733","101","154","131209"
"DETAILED_FUTURE_REGEN","Zinho","","Vanheusden","30/07/2019","757","","0","2","3","187","84","2","DEFENDER_CENTRAL","","Hasselt (Be)","102","163","1135"
"DETAILED_FUTURE_REGEN","Zoltán","","Czibor","23/08/2019","773","","1","6","2","169","68","4","ATTACKING_MIDFIELDER_LEFT_SIDE","","Budapest","104","181","1059"
"DETAILED_FUTURE_REGEN","Wes","","Brown","13/10/2019","765","","9","13","4","185","77","2","DEFENDER_CENTRAL","","100062","103","172","680"
"DETAILED_FUTURE_REGEN","Zhiyi","Fan Zhiyi","Fan","06/11/2019","110","","10","8","5","183","75","2","DEFENDER_CENTRAL","","128046","102","165","414"
"DETAILED_FUTURE_REGEN","Xiaobin","Gong Xiaobin","Gong","23/11/2019","110","","10","6","5","198","81","2","MIDFIELDER_CENTRAL","","128048","101","157","116403"
"DETAILED_FUTURE_REGEN","Xuelin","Zeng Xuelin","Zeng","02/12/2019","110","","10","7","5","172","67","2","ATTACKER_CENTRAL","","103227","101","154","409"
"DETAILED_FUTURE_REGEN","Yacine","","Brahimi","08/02/2020","5","","2","13","3","175","69","2","ATTACKING_MIDFIELDER_LEFT_SIDE","","270","102","164","884"
"DETAILED_FUTURE_REGEN","Younes","","Belhanda","25/02/2020","34","","2","13","3","174","75","2","ATTACKING_MIDFIELDER_CENTRAL","","6200205","102","163","859"
"DETAILED_FUTURE_REGEN","Wojciech","","Szczęsny","18/04/2020","787","","0","3","3","195","90","2","GOALKEEPER","","1300856","103","170","602"
"DETAILED_FUTURE_REGEN","Yûya","","Ôsako","19/05/2020","116","","10","7","5","182","71","4","ATTACKER_CENTRAL","","Minamisatsuma","101","154","45052685"
"DETAILED_FUTURE_REGEN","Yann","","M'Vila","29/06/2020","769","","3","17","5","182","80","2","MIDFIELDER_CENTRAL","","157","102","165","884"
"DETAILED_FUTURE_REGEN","Wissam","","Ben Yedder","12/08/2020","769","","2","12","5","170","68","4","ATTACKER_CENTRAL","","8428106","102","164","886"
"DETAILED_FUTURE_REGEN","Xizhe","Zhang Xizhe","Zhang","23/01/2021","110","","10","6","5","180","65","2","ATTACKING_MIDFIELDER_CENTRAL","","128037","101","152","406"
"DETAILED_FUTURE_REGEN","Willy","","Boly","04/02/2021","24","","3","18","5","195","97","2","DEFENDER_CENTRAL","","8428197","102","163","824"
"DETAILED_FUTURE_REGEN","Yong-Jik","Ri Yong-Jik","Ri","08/02/2021","129","","10","6","5","187","78","2","DEFENDER_CENTRAL","","788890","101","155","107301"
"DETAILED_FUTURE_REGEN","Wahbi","","Khazri","09/02/2021","51","","2","11","3","182","76","2","ATTACKING_MIDFIELDER_LEFT_SIDE","","Ajaccio","102","162","876"
"DETAILED_FUTURE_REGEN","Yong-Jae","Lee Yong-Jae","Lee","08/06/2021","135","","10","7","5","182","73","2","ATTACKER_CENTRAL","","Seoul","101","158","846"
"DETAILED_FUTURE_REGEN","Wout","","Weghorst","07/08/2021","784","","0","3","3","197","84","2","ATTACKER_CENTRAL","","Borne","102","164","1003"
"DETAILED_FUTURE_REGEN","Xherdan","","Shaqiri","10/10/2021","798","","1","7","2","169","72","3","ATTACKING_MIDFIELDER_CENTRAL","","5747356","102","167","1849"
"DETAILED_FUTURE_REGEN","William","","Carvalho","07/04/2022","788","","3","18","5","187","83","2","MIDFIELDER_CENTRAL","","103003","102","166","1489"
"DETAILED_FUTURE_REGEN","Yoshinori","","Mutô","15/07/2022","116","","10","7","5","179","72","2","ATTACKING_MIDFIELDER_LEFT_SIDE","","Tokyo","101","154","107313"
"DETAILED_FUTURE_REGEN","Willi","","Orbán","03/11/2022","773","","0","4","2","186","87","2","DEFENDER_CENTRAL","","585","102","162","945"
"DETAILED_FUTURE_REGEN","Wilfried","","Zaha","10/11/2022","24","","3","18","5","180","74","2","ATTACKING_MIDFIELDER_LEFT_SIDE","","103013","102","164","642"
"DETAILED_FUTURE_REGEN","Wataru","","Endô","09/02/2023","116","","10","7","5","178","76","2","MIDFIELDER_CENTRAL","","Yokohama","101","159","1184"
"DETAILED_FUTURE_REGEN","Younis","","Mahmoud","02/03/2023","103","","2","8","2","186","80","2","ATTACKER_CENTRAL","","5627562","102","163","102859"
"DETAILED_FUTURE_REGEN","Yannick","","Carrasco","04/09/2023","757","","1","7","3","180","71","2","ATTACKING_MIDFIELDER_LEFT_SIDE","","85140586","102","168","826"
"DETAILED_FUTURE_REGEN","Yussuf","","Poulsen","16/06/2024","764","","9","11","3","192","84","2","ATTACKER_CENTRAL","","Copenhagen","102","168","533"
"DETAILED_FUTURE_REGEN","Yerry","","Mina","23/09/2024","1653","","3","17","5","193","79","2","DEFENDER_CENTRAL","","8832603","102","164","130800"
"DETAILED_FUTURE_REGEN","Will","","Hughes","17/04/2025","765","","0","2","1","185","74","3","MIDFIELDER_CENTRAL","","29090687","102","164","645"
"DETAILED_FUTURE_REGEN","Yves","","Bissouma","30/08/2026","31","","3","16","5","182","78","2","MIDFIELDER_CENTRAL","","103013","102","168","858"
"DETAILED_FUTURE_REGEN","Wilfred","","Ndidi","16/12/2026","38","","3","17","5","183","74","2","MIDFIELDER_CENTRAL","","103059","102","164","13136599"
"DETAILED_FUTURE_REGEN","Youri","","Tielemans","07/05/2027","757","","9","13","5","176","72","4","MIDFIELDER_CENTRAL","","8162014","103","170","256"
"DETAILED_FUTURE_REGEN","Youssef","","En-Nesyri","01/06/2027","34","","3","8","3","189","73","4","ATTACKER_CENTRAL","","105298","102","162","2096"
"DETAILED_FUTURE_REGEN","Wuilker","","Fariñez","15/02/2028","1658","","3","12","5","180","77","2","GOALKEEPER","","Caracas","102","165","109188"
"DETAILED_FUTURE_REGEN","Weston","","McKennie","28/08/2028","390","","9","13","5","185","84","2","MIDFIELDER_CENTRAL","","92090699","102","160","72006963"
"DETAILED_FUTURE_REGEN","Youssouf","","Fofana","11/01/2029","769","","3","18","5","185","75","2","MIDFIELDER_CENTRAL","","270","102","163","872"
"DETAILED_FUTURE_REGEN","Wesley","","Fofana","17/12/2030","769","","3","16","3","186","85","2","DEFENDER_CENTRAL","","207","103","173","828"
"DETAILED_FUTURE_REGEN","Wilfried","","Singo","25/12/2030","24","","3","18","5","190","79","2","DEFENDER_RIGHT_SIDE","","12012626","102","163","1174"
"DETAILED_FUTURE_REGEN","William","Shen Tzu-kuei","Shen","26/12/2030","138","","10","5","5","180","67","2","ATTACKING_MIDFIELDER_CENTRAL","","100071","101","155","630"
"DETAILED_FUTURE_REGEN","Yuri Alberto","Yuri Alberto","Monteiro da Silva","18/03/2031","1651","","1","9","2","183","77","4","ATTACKER_CENTRAL","","104986","102","164","335"
"DETAILED_FUTURE_REGEN","William","","Saliba","24/03/2031","769","","3","14","5","192","83","2","DEFENDER_CENTRAL","","8428142","104","182","828"
"DETAILED_FUTURE_REGEN","Yerson","","Mosquera","02/05/2031","1653","","3","15","5","188","84","2","DEFENDER_CENTRAL","","8825883","102","161","427"
"DETAILED_FUTURE_REGEN","Willian","","Pacho","16/10/2031","1654","","3","16","5","188","81","3","DEFENDER_CENTRAL","","8827774","102","160","80001277"
"DETAILED_FUTURE_REGEN","Yan","Yan Couto","Bueno Couto","03/06/2032","1651","","9","8","3","170","65","2","DEFENDER_RIGHT_SIDE","","102504","102","167","104776"
"DETAILED_FUTURE_REGEN","Zion","","Suzuki","21/08/2032","116","","10","17","5","190","89","2","GOALKEEPER","","981472","102","161","1195"
"DETAILED_FUTURE_REGEN","Yeremy","","Pino","20/10/2032","796","","1","7","3","172","65","2","ATTACKING_MIDFIELDER_RIGHT_SIDE","","398","104","180","1772"
"DETAILED_FUTURE_REGEN","Xavi","","Simons","21/04/2033","784","","3","13","1","179","58","2","ATTACKING_MIDFIELDER_CENTRAL","","715","104","186","1708"
"DETAILED_FUTURE_REGEN","Yusuf","","Demir","02/06/2033","755","","2","7","5","173","69","3","ATTACKING_MIDFIELDER_CENTRAL","","1300072","103","172","101154"
"DETAILED_FUTURE_REGEN","Yasin","","Ayari","06/10/2033","797","","2","9","3","172","68","2","MIDFIELDER_CENTRAL","","2000003942","102","160","1780"
"DETAILED_FUTURE_REGEN","Wilfried","","Gnonto","05/11/2033","776","","2","17","5","170","71","2","ATTACKER_CENTRAL","","831097","103","174","1135"
"DETAILED_FUTURE_REGEN","Yaser","","Asprilla","19/11/2033","1653","","3","17","3","185","75","4","ATTACKING_MIDFIELDER_RIGHT_SIDE","","8827144","103","170","120936"
"DETAILED_FUTURE_REGEN","Williot","","Swedberg","01/02/2034","797","","0","5","2","185","67","2","MIDFIELDER_CENTRAL","","2000004007","102","165","1797"
"DETAILED_FUTURE_REGEN","Yehor","","Yarmoliuk","01/03/2034","800","","0","2","3","180","72","2","MIDFIELDER_CENTRAL","","71017189","102","163","1886"
"DETAILED_FUTURE_REGEN","Youssoufa","","Moukoko","20/11/2034","771","","3","18","5","179","72","3","ATTACKER_CENTRAL","","103008","104","188","907"
"DETAILED_FUTURE_REGEN","Will","","Lankshear","20/04/2035","765","","0","3","5","182","71","3","ATTACKER_CENTRAL","","100023","102","160","602"
"DETAILED_FUTURE_REGEN","Warren","","Zaïre-Emery","08/03/2036","769","","3","13","3","178","68","2","MIDFIELDER_CENTRAL","","8426356","104","184","868"
"DETAILED_FUTURE_REGEN","Wisdom Opake","Wisdom Mike","Mike","24/09/2038","771","","9","14","5","174","68","4","ATTACKING_MIDFIELDER_LEFT_SIDE","","592","99","-9","915"
